Classification,Year,Period,Period Desc.,Aggregate Level,Is Leaf Code,Trade Flow Code,Trade Flow,Reporter Code,Reporter,Reporter ISO,Partner Code,Partner,Partner ISO,2nd Partner Code,2nd Partner,2nd Partner ISO,Customs Proc. Code,Customs,Mode of Transport Code,Mode of Transport,Commodity Code,Commodity,Qty Unit Code,Qty Unit,Qty,Alt Qty Unit Code,Alt Qty Unit,Alt Qty,Netweight (kg),Gross weight (kg),Trade Value (US$),CIF Trade Value (US$),FOB Trade Value (US$),Flag
H3,2016,2016,2016,0,0,1,Import,328,Guyana,GUY,0,World,WLD,,,,,,,,TOTAL,All Commodities,1,No Quantity,,,,,,,1624985848,,,0
H3,2016,2016,2016,0,0,2,Export,328,Guyana,GUY,0,World,WLD,,,,,,,,TOTAL,All Commodities,1,No Quantity,,,,,,,1452631561,,,0
H3,2016,2016,2016,0,0,3,Re-Export,328,Guyana,GUY,0,World,WLD,,,,,,,,TOTAL,All Commodities,1,No Quantity,,,,,,,142460316,,,0
H3,2016,2016,2016,0,0,1,Import,328,Guyana,GUY,8,Albania,ALB,,,,,,,,TOTAL,All Commodities,1,No Quantity,,,,,,,171,,,0
H3,2016,2016,2016,0,0,1,Import,328,Guyana,GUY,12,Algeria,DZA,,,,,,,,TOTAL,All Commodities,1,No Quantity,,,,,,,713,,,0
H3,2016,2016,2016,0,0,1,Import,328,Guyana,GUY,20,Andorra,AND,,,,,,,,TOTAL,All Commodities,1,No Quantity,,,,,,,36552,,,0
H3,2016,2016,2016,0,0,1,Import,328,Guyana,GUY,28,Antigua and Barbuda,ATG,,,,,,,,TOTAL,All Commodities,1,No Quantity,,,,,,,297778,,,0
H3,2016,2016,2016,0,0,2,Export,328,Guyana,GUY,28,Antigua and Barbuda,ATG,,,,,,,,TOTAL,All Commodities,1,No Quantity,,,,,,,3875136,,,0
H3,2016,2016,2016,0,0,3,Re-Export,328,Guyana,GUY,28,Antigua and Barbuda,ATG,,,,,,,,TOTAL,All Commodities,1,No Quantity,,,,,,,68646,,,0
H3,2016,2016,2016,0,0,1,Import,328,Guyana,GUY,32,Argentina,ARG,,,,,,,,TOTAL,All Commodities,1,No Quantity,,,,,,,2038134,,,0
H3,2016,2016,2016,0,0,2,Export,328,Guyana,GUY,32,Argentina,ARG,,,,,,,,TOTAL,All Commodities,1,No Quantity,,,,,,,1,,,0
H3,2016,2016,2016,0,0,1,Import,328,Guyana,GUY,36,Australia,AUS,,,,,,,,TOTAL,All Commodities,1,No Quantity,,,,,,,2790894,,,0
H3,2016,2016,2016,0,0,2,Export,328,Guyana,GUY,36,Australia,AUS,,,,,,,,TOTAL,All Commodities,1,No Quantity,,,,,,,269573,,,0
H3,2016,2016,2016,0,0,3,Re-Export,328,Guyana,GUY,36,Australia,AUS,,,,,,,,TOTAL,All Commodities,1,No Quantity,,,,,,,1464,,,0
H3,2016,2016,2016,0,0,1,Import,328,Guyana,GUY,40,Austria,AUT,,,,,,,,TOTAL,All Commodities,1,No Quantity,,,,,,,504930,,,0
H3,2016,2016,2016,0,0,2,Export,328,Guyana,GUY,40,Austria,AUT,,,,,,,,TOTAL,All Commodities,1,No Quantity,,,,,,,812,,,0
H3,2016,2016,2016,0,0,1,Import,328,Guyana,GUY,44,Bahamas,BHS,,,,,,,,TOTAL,All Commodities,1,No Quantity,,,,,,,105831,,,0
H3,2016,2016,2016,0,0,2,Export,328,Guyana,GUY,44,Bahamas,BHS,,,,,,,,TOTAL,All Commodities,1,No Quantity,,,,,,,387290,,,0
H3,2016,2016,2016,0,0,3,Re-Export,328,Guyana,GUY,44,Bahamas,BHS,,,,,,,,TOTAL,All Commodities,1,No Quantity,,,,,,,39598,,,0
H3,2016,2016,2016,0,0,1,Import,328,Guyana,GUY,48,Bahrain,BHR,,,,,,,,TOTAL,All Commodities,1,No Quantity,,,,,,,23024,,,0
H3,2016,2016,2016,0,0,2,Export,328,Guyana,GUY,48,Bahrain,BHR,,,,,,,,TOTAL,All Commodities,1,No Quantity,,,,,,,8178,,,0
H3,2016,2016,2016,0,0,1,Import,328,Guyana,GUY,50,Bangladesh,BGD,,,,,,,,TOTAL,All Commodities,1,No Quantity,,,,,,,17142,,,0
H3,2016,2016,2016,0,0,2,Export,328,Guyana,GUY,50,Bangladesh,BGD,,,,,,,,TOTAL,All Commodities,1,No Quantity,,,,,,,59171,,,0
H3,2016,2016,2016,0,0,1,Import,328,Guyana,GUY,52,Barbados,BRB,,,,,,,,TOTAL,All Commodities,1,No Quantity,,,,,,,23155579,,,0
H3,2016,2016,2016,0,0,2,Export,328,Guyana,GUY,52,Barbados,BRB,,,,,,,,TOTAL,All Commodities,1,No Quantity,,,,,,,16621344,,,0
H3,2016,2016,2016,0,0,3,Re-Export,328,Guyana,GUY,52,Barbados,BRB,,,,,,,,TOTAL,All Commodities,1,No Quantity,,,,,,,159143,,,0
H3,2016,2016,2016,0,0,1,Import,328,Guyana,GUY,56,Belgium,BEL,,,,,,,,TOTAL,All Commodities,1,No Quantity,,,,,,,8756435,,,0
H3,2016,2016,2016,0,0,2,Export,328,Guyana,GUY,56,Belgium,BEL,,,,,,,,TOTAL,All Commodities,1,No Quantity,,,,,,,26808059,,,0
H3,2016,2016,2016,0,0,1,Import,328,Guyana,GUY,60,Bermuda,BMU,,,,,,,,TOTAL,All Commodities,1,No Quantity,,,,,,,1851,,,0
H3,2016,2016,2016,0,0,2,Export,328,Guyana,GUY,60,Bermuda,BMU,,,,,,,,TOTAL,All Commodities,1,No Quantity,,,,,,,631801,,,0
H3,2016,2016,2016,0,0,1,Import,328,Guyana,GUY,68,Bolivia (Plurinational State of),BOL,,,,,,,,TOTAL,All Commodities,1,No Quantity,,,,,,,169049,,,0
H3,2016,2016,2016,0,0,1,Import,328,Guyana,GUY,70,Bosnia Herzegovina,BIH,,,,,,,,TOTAL,All Commodities,1,No Quantity,,,,,,,46174,,,0
H3,2016,2016,2016,0,0,2,Export,328,Guyana,GUY,70,Bosnia Herzegovina,BIH,,,,,,,,TOTAL,All Commodities,1,No Quantity,,,,,,,47293,,,0
H3,2016,2016,2016,0,0,1,Import,328,Guyana,GUY,72,Botswana,BWA,,,,,,,,TOTAL,All Commodities,1,No Quantity,,,,,,,15093,,,0
H3,2016,2016,2016,0,0,2,Export,328,Guyana,GUY,74,Bouvet Island,BVT,,,,,,,,TOTAL,All Commodities,1,No Quantity,,,,,,,59200,,,0
H3,2016,2016,2016,0,0,1,Import,328,Guyana,GUY,76,Brazil,BRA,,,,,,,,TOTAL,All Commodities,1,No Quantity,,,,,,,24471560,,,0
H3,2016,2016,2016,0,0,2,Export,328,Guyana,GUY,76,Brazil,BRA,,,,,,,,TOTAL,All Commodities,1,No Quantity,,,,,,,6351673,,,0
H3,2016,2016,2016,0,0,3,Re-Export,328,Guyana,GUY,76,Brazil,BRA,,,,,,,,TOTAL,All Commodities,1,No Quantity,,,,,,,27310,,,0
H3,2016,2016,2016,0,0,1,Import,328,Guyana,GUY,84,Belize,BLZ,,,,,,,,TOTAL,All Commodities,1,No Quantity,,,,,,,1287428,,,0
H3,2016,2016,2016,0,0,2,Export,328,Guyana,GUY,84,Belize,BLZ,,,,,,,,TOTAL,All Commodities,1,No Quantity,,,,,,,912643,,,0
H3,2016,2016,2016,0,0,1,Import,328,Guyana,GUY,86,Br. Indian Ocean Terr.,IOT,,,,,,,,TOTAL,All Commodities,1,No Quantity,,,,,,,33,,,0
H3,2016,2016,2016,0,0,1,Import,328,Guyana,GUY,92,Br. Virgin Isds,VGB,,,,,,,,TOTAL,All Commodities,1,No Quantity,,,,,,,1161067,,,0
H3,2016,2016,2016,0,0,2,Export,328,Guyana,GUY,92,Br. Virgin Isds,VGB,,,,,,,,TOTAL,All Commodities,1,No Quantity,,,,,,,580893,,,0
H3,2016,2016,2016,0,0,3,Re-Export,328,Guyana,GUY,92,Br. Virgin Isds,VGB,,,,,,,,TOTAL,All Commodities,1,No Quantity,,,,,,,104302,,,0
H3,2016,2016,2016,0,0,1,Import,328,Guyana,GUY,100,Bulgaria,BGR,,,,,,,,TOTAL,All Commodities,1,No Quantity,,,,,,,927092,,,0
H3,2016,2016,2016,0,0,2,Export,328,Guyana,GUY,100,Bulgaria,BGR,,,,,,,,TOTAL,All Commodities,1,No Quantity,,,,,,,511833,,,0
H3,2016,2016,2016,0,0,1,Import,328,Guyana,GUY,112,Belarus,BLR,,,,,,,,TOTAL,All Commodities,1,No Quantity,,,,,,,71604,,,0
H3,2016,2016,2016,0,0,1,Import,328,Guyana,GUY,116,Cambodia,KHM,,,,,,,,TOTAL,All Commodities,1,No Quantity,,,,,,,2763,,,0
H3,2016,2016,2016,0,0,1,Import,328,Guyana,GUY,120,Cameroon,CMR,,,,,,,,TOTAL,All Commodities,1,No Quantity,,,,,,,67,,,0
H3,2016,2016,2016,0,0,2,Export,328,Guyana,GUY,120,Cameroon,CMR,,,,,,,,TOTAL,All Commodities,1,No Quantity,,,,,,,69421,,,0
H3,2016,2016,2016,0,0,1,Import,328,Guyana,GUY,124,Canada,CAN,,,,,,,,TOTAL,All Commodities,1,No Quantity,,,,,,,37423259,,,0
H3,2016,2016,2016,0,0,2,Export,328,Guyana,GUY,124,Canada,CAN,,,,,,,,TOTAL,All Commodities,1,No Quantity,,,,,,,444304792,,,0
H3,2016,2016,2016,0,0,3,Re-Export,328,Guyana,GUY,124,Canada,CAN,,,,,,,,TOTAL,All Commodities,1,No Quantity,,,,,,,40698,,,0
H3,2016,2016,2016,0,0,1,Import,328,Guyana,GUY,132,Cabo Verde,CPV,,,,,,,,TOTAL,All Commodities,1,No Quantity,,,,,,,352275,,,0
H3,2016,2016,2016,0,0,1,Import,328,Guyana,GUY,136,Cayman Isds,CYM,,,,,,,,TOTAL,All Commodities,1,No Quantity,,,,,,,2777,,,0
H3,2016,2016,2016,0,0,2,Export,328,Guyana,GUY,136,Cayman Isds,CYM,,,,,,,,TOTAL,All Commodities,1,No Quantity,,,,,,,1861976,,,0
H3,2016,2016,2016,0,0,3,Re-Export,328,Guyana,GUY,136,Cayman Isds,CYM,,,,,,,,TOTAL,All Commodities,1,No Quantity,,,,,,,228,,,0
H3,2016,2016,2016,0,0,1,Import,328,Guyana,GUY,144,Sri Lanka,LKA,,,,,,,,TOTAL,All Commodities,1,No Quantity,,,,,,,208362,,,0
H3,2016,2016,2016,0,0,1,Import,328,Guyana,GUY,152,Chile,CHL,,,,,,,,TOTAL,All Commodities,1,No Quantity,,,,,,,4214040,,,0
H3,2016,2016,2016,0,0,2,Export,328,Guyana,GUY,152,Chile,CHL,,,,,,,,TOTAL,All Commodities,1,No Quantity,,,,,,,12149,,,0
H3,2016,2016,2016,0,0,3,Re-Export,328,Guyana,GUY,152,Chile,CHL,,,,,,,,TOTAL,All Commodities,1,No Quantity,,,,,,,12149,,,0
H3,2016,2016,2016,0,0,1,Import,328,Guyana,GUY,156,China,CHN,,,,,,,,TOTAL,All Commodities,1,No Quantity,,,,,,,119293947,,,0
H3,2016,2016,2016,0,0,2,Export,328,Guyana,GUY,156,China,CHN,,,,,,,,TOTAL,All Commodities,1,No Quantity,,,,,,,16387121,,,0
H3,2016,2016,2016,0,0,3,Re-Export,328,Guyana,GUY,156,China,CHN,,,,,,,,TOTAL,All Commodities,1,No Quantity,,,,,,,108000,,,0
H3,2016,2016,2016,0,0,1,Import,328,Guyana,GUY,162,Christmas Isds,CXR,,,,,,,,TOTAL,All Commodities,1,No Quantity,,,,,,,7091,,,0
H3,2016,2016,2016,0,0,1,Import,328,Guyana,GUY,170,Colombia,COL,,,,,,,,TOTAL,All Commodities,1,No Quantity,,,,,,,17053434,,,0
H3,2016,2016,2016,0,0,2,Export,328,Guyana,GUY,170,Colombia,COL,,,,,,,,TOTAL,All Commodities,1,No Quantity,,,,,,,985844,,,0
H3,2016,2016,2016,0,0,3,Re-Export,328,Guyana,GUY,170,Colombia,COL,,,,,,,,TOTAL,All Commodities,1,No Quantity,,,,,,,4783,,,0
H3,2016,2016,2016,0,0,1,Import,328,Guyana,GUY,174,Comoros,COM,,,,,,,,TOTAL,All Commodities,1,No Quantity,,,,,,,9345,,,0
H3,2016,2016,2016,0,0,1,Import,328,Guyana,GUY,178,Congo,COG,,,,,,,,TOTAL,All Commodities,1,No Quantity,,,,,,,15755,,,0
H3,2016,2016,2016,0,0,2,Export,328,Guyana,GUY,178,Congo,COG,,,,,,,,TOTAL,All Commodities,1,No Quantity,,,,,,,50889,,,0
H3,2016,2016,2016,0,0,3,Re-Export,328,Guyana,GUY,178,Congo,COG,,,,,,,,TOTAL,All Commodities,1,No Quantity,,,,,,,50889,,,0
H3,2016,2016,2016,0,0,1,Import,328,Guyana,GUY,180,Dem. Rep. of the Congo,COD,,,,,,,,TOTAL,All Commodities,1,No Quantity,,,,,,,16176,,,0
H3,2016,2016,2016,0,0,1,Import,328,Guyana,GUY,184,Cook Isds,COK,,,,,,,,TOTAL,All Commodities,1,No Quantity,,,,,,,248,,,0
H3,2016,2016,2016,0,0,1,Import,328,Guyana,GUY,188,Costa Rica,CRI,,,,,,,,TOTAL,All Commodities,1,No Quantity,,,,,,,15058571,,,0
H3,2016,2016,2016,0,0,2,Export,328,Guyana,GUY,188,Costa Rica,CRI,,,,,,,,TOTAL,All Commodities,1,No Quantity,,,,,,,52598,,,0
H3,2016,2016,2016,0,0,1,Import,328,Guyana,GUY,191,Croatia,HRV,,,,,,,,TOTAL,All Commodities,1,No Quantity,,,,,,,1114,,,0
H3,2016,2016,2016,0,0,2,Export,328,Guyana,GUY,191,Croatia,HRV,,,,,,,,TOTAL,All Commodities,1,No Quantity,,,,,,,10763,,,0
H3,2016,2016,2016,0,0,1,Import,328,Guyana,GUY,192,Cuba,CUB,,,,,,,,TOTAL,All Commodities,1,No Quantity,,,,,,,8551789,,,0
H3,2016,2016,2016,0,0,2,Export,328,Guyana,GUY,192,Cuba,CUB,,,,,,,,TOTAL,All Commodities,1,No Quantity,,,,,,,2154,,,0
H3,2016,2016,2016,0,0,1,Import,328,Guyana,GUY,196,Cyprus,CYP,,,,,,,,TOTAL,All Commodities,1,No Quantity,,,,,,,81844,,,0
H3,2016,2016,2016,0,0,1,Import,328,Guyana,GUY,203,Czechia,CZE,,,,,,,,TOTAL,All Commodities,1,No Quantity,,,,,,,76603,,,0
H3,2016,2016,2016,0,0,2,Export,328,Guyana,GUY,203,Czechia,CZE,,,,,,,,TOTAL,All Commodities,1,No Quantity,,,,,,,15124,,,0
H3,2016,2016,2016,0,0,1,Import,328,Guyana,GUY,208,Denmark,DNK,,,,,,,,TOTAL,All Commodities,1,No Quantity,,,,,,,2543100,,,0
H3,2016,2016,2016,0,0,2,Export,328,Guyana,GUY,208,Denmark,DNK,,,,,,,,TOTAL,All Commodities,1,No Quantity,,,,,,,49021,,,0
H3,2016,2016,2016,0,0,3,Re-Export,328,Guyana,GUY,208,Denmark,DNK,,,,,,,,TOTAL,All Commodities,1,No Quantity,,,,,,,26635,,,0
H3,2016,2016,2016,0,0,1,Import,328,Guyana,GUY,212,Dominica,DMA,,,,,,,,TOTAL,All Commodities,1,No Quantity,,,,,,,551699,,,0
H3,2016,2016,2016,0,0,2,Export,328,Guyana,GUY,212,Dominica,DMA,,,,,,,,TOTAL,All Commodities,1,No Quantity,,,,,,,1778740,,,0
H3,2016,2016,2016,0,0,3,Re-Export,328,Guyana,GUY,212,Dominica,DMA,,,,,,,,TOTAL,All Commodities,1,No Quantity,,,,,,,6066,,,0
H3,2016,2016,2016,0,0,1,Import,328,Guyana,GUY,214,Dominican Rep.,DOM,,,,,,,,TOTAL,All Commodities,1,No Quantity,,,,,,,10137844,,,0
H3,2016,2016,2016,0,0,2,Export,328,Guyana,GUY,214,Dominican Rep.,DOM,,,,,,,,TOTAL,All Commodities,1,No Quantity,,,,,,,5862398,,,0
H3,2016,2016,2016,0,0,1,Import,328,Guyana,GUY,218,Ecuador,ECU,,,,,,,,TOTAL,All Commodities,1,No Quantity,,,,,,,318220,,,0
H3,2016,2016,2016,0,0,2,Export,328,Guyana,GUY,218,Ecuador,ECU,,,,,,,,TOTAL,All Commodities,1,No Quantity,,,,,,,5010,,,0
H3,2016,2016,2016,0,0,1,Import,328,Guyana,GUY,222,El Salvador,SLV,,,,,,,,TOTAL,All Commodities,1,No Quantity,,,,,,,3013921,,,0
H3,2016,2016,2016,0,0,1,Import,328,Guyana,GUY,231,Ethiopia,ETH,,,,,,,,TOTAL,All Commodities,1,No Quantity,,,,,,,2167,,,0
H3,2016,2016,2016,0,0,1,Import,328,Guyana,GUY,233,Estonia,EST,,,,,,,,TOTAL,All Commodities,1,No Quantity,,,,,,,71192,,,0
H3,2016,2016,2016,0,0,1,Import,328,Guyana,GUY,246,Finland,FIN,,,,,,,,TOTAL,All Commodities,1,No Quantity,,,,,,,395134,,,0
H3,2016,2016,2016,0,0,2,Export,328,Guyana,GUY,246,Finland,FIN,,,,,,,,TOTAL,All Commodities,1,No Quantity,,,,,,,1000,,,0
H3,2016,2016,2016,0,0,3,Re-Export,328,Guyana,GUY,246,Finland,FIN,,,,,,,,TOTAL,All Commodities,1,No Quantity,,,,,,,1000,,,0
H3,2016,2016,2016,0,0,1,Import,328,Guyana,GUY,251,France,FRA,,,,,,,,TOTAL,All Commodities,1,No Quantity,,,,,,,2360381,,,0
H3,2016,2016,2016,0,0,2,Export,328,Guyana,GUY,251,France,FRA,,,,,,,,TOTAL,All Commodities,1,No Quantity,,,,,,,6446132,,,0
H3,2016,2016,2016,0,0,3,Re-Export,328,Guyana,GUY,251,France,FRA,,,,,,,,TOTAL,All Commodities,1,No Quantity,,,,,,,3750,,,0
H3,2016,2016,2016,0,0,2,Export,328,Guyana,GUY,258,French Polynesia,PYF,,,,,,,,TOTAL,All Commodities,1,No Quantity,,,,,,,645743,,,0
H3,2016,2016,2016,0,0,2,Export,328,Guyana,GUY,260,Fr. South Antarctic Terr.,ATF,,,,,,,,TOTAL,All Commodities,1,No Quantity,,,,,,,19500,,,0
H3,2016,2016,2016,0,0,1,Import,328,Guyana,GUY,266,Gabon,GAB,,,,,,,,TOTAL,All Commodities,1,No Quantity,,,,,,,473,,,0
H3,2016,2016,2016,0,0,1,Import,328,Guyana,GUY,268,Georgia,GEO,,,,,,,,TOTAL,All Commodities,1,No Quantity,,,,,,,4425,,,0
H3,2016,2016,2016,0,0,2,Export,328,Guyana,GUY,268,Georgia,GEO,,,,,,,,TOTAL,All Commodities,1,No Quantity,,,,,,,17300,,,0
H3,2016,2016,2016,0,0,3,Re-Export,328,Guyana,GUY,268,Georgia,GEO,,,,,,,,TOTAL,All Commodities,1,No Quantity,,,,,,,17300,,,0
H3,2016,2016,2016,0,0,1,Import,328,Guyana,GUY,270,Gambia,GMB,,,,,,,,TOTAL,All Commodities,1,No Quantity,,,,,,,13208,,,0
H3,2016,2016,2016,0,0,1,Import,328,Guyana,GUY,276,Germany,DEU,,,,,,,,TOTAL,All Commodities,1,No Quantity,,,,,,,8070649,,,0
H3,2016,2016,2016,0,0,2,Export,328,Guyana,GUY,276,Germany,DEU,,,,,,,,TOTAL,All Commodities,1,No Quantity,,,,,,,30592000,,,0
H3,2016,2016,2016,0,0,3,Re-Export,328,Guyana,GUY,276,Germany,DEU,,,,,,,,TOTAL,All Commodities,1,No Quantity,,,,,,,158532,,,0
H3,2016,2016,2016,0,0,1,Import,328,Guyana,GUY,288,Ghana,GHA,,,,,,,,TOTAL,All Commodities,1,No Quantity,,,,,,,48319,,,0
H3,2016,2016,2016,0,0,2,Export,328,Guyana,GUY,288,Ghana,GHA,,,,,,,,TOTAL,All Commodities,1,No Quantity,,,,,,,11830,,,0
H3,2016,2016,2016,0,0,1,Import,328,Guyana,GUY,292,Gibraltar,GIB,,,,,,,,TOTAL,All Commodities,1,No Quantity,,,,,,,30147,,,0
H3,2016,2016,2016,0,0,1,Import,328,Guyana,GUY,300,Greece,GRC,,,,,,,,TOTAL,All Commodities,1,No Quantity,,,,,,,4408,,,0
H3,2016,2016,2016,0,0,2,Export,328,Guyana,GUY,300,Greece,GRC,,,,,,,,TOTAL,All Commodities,1,No Quantity,,,,,,,1982635,,,0
H3,2016,2016,2016,0,0,1,Import,328,Guyana,GUY,304,Greenland,GRL,,,,,,,,TOTAL,All Commodities,1,No Quantity,,,,,,,766,,,0
H3,2016,2016,2016,0,0,2,Export,328,Guyana,GUY,304,Greenland,GRL,,,,,,,,TOTAL,All Commodities,1,No Quantity,,,,,,,2993,,,0
H3,2016,2016,2016,0,0,1,Import,328,Guyana,GUY,308,Grenada,GRD,,,,,,,,TOTAL,All Commodities,1,No Quantity,,,,,,,472478,,,0
H3,2016,2016,2016,0,0,2,Export,328,Guyana,GUY,308,Grenada,GRD,,,,,,,,TOTAL,All Commodities,1,No Quantity,,,,,,,7302241,,,0
H3,2016,2016,2016,0,0,3,Re-Export,328,Guyana,GUY,308,Grenada,GRD,,,,,,,,TOTAL,All Commodities,1,No Quantity,,,,,,,22638,,,0
H3,2016,2016,2016,0,0,1,Import,328,Guyana,GUY,316,Guam,GUM,,,,,,,,TOTAL,All Commodities,1,No Quantity,,,,,,,880,,,0
H3,2016,2016,2016,0,0,1,Import,328,Guyana,GUY,320,Guatemala,GTM,,,,,,,,TOTAL,All Commodities,1,No Quantity,,,,,,,3626379,,,0
H3,2016,2016,2016,0,0,2,Export,328,Guyana,GUY,320,Guatemala,GTM,,,,,,,,TOTAL,All Commodities,1,No Quantity,,,,,,,11735,,,0
H3,2016,2016,2016,0,0,3,Re-Export,328,Guyana,GUY,320,Guatemala,GTM,,,,,,,,TOTAL,All Commodities,1,No Quantity,,,,,,,8838,,,0
H3,2016,2016,2016,0,0,2,Export,328,Guyana,GUY,332,Haiti,HTI,,,,,,,,TOTAL,All Commodities,1,No Quantity,,,,,,,8815521,,,0
H3,2016,2016,2016,0,0,3,Re-Export,328,Guyana,GUY,332,Haiti,HTI,,,,,,,,TOTAL,All Commodities,1,No Quantity,,,,,,,80429,,,0
H3,2016,2016,2016,0,0,2,Export,328,Guyana,GUY,336,Holy See (Vatican City State),VAT,,,,,,,,TOTAL,All Commodities,1,No Quantity,,,,,,,493641,,,0
H3,2016,2016,2016,0,0,1,Import,328,Guyana,GUY,340,Honduras,HND,,,,,,,,TOTAL,All Commodities,1,No Quantity,,,,,,,771682,,,0
H3,2016,2016,2016,0,0,2,Export,328,Guyana,GUY,340,Honduras,HND,,,,,,,,TOTAL,All Commodities,1,No Quantity,,,,,,,259271,,,0
H3,2016,2016,2016,0,0,1,Import,328,Guyana,GUY,344,"China, Hong Kong SAR",HKG,,,,,,,,TOTAL,All Commodities,1,No Quantity,,,,,,,7153366,,,0
H3,2016,2016,2016,0,0,2,Export,328,Guyana,GUY,344,"China, Hong Kong SAR",HKG,,,,,,,,TOTAL,All Commodities,1,No Quantity,,,,,,,7062875,,,0
H3,2016,2016,2016,0,0,1,Import,328,Guyana,GUY,348,Hungary,HUN,,,,,,,,TOTAL,All Commodities,1,No Quantity,,,,,,,116084,,,0
H3,2016,2016,2016,0,0,1,Import,328,Guyana,GUY,352,Iceland,ISL,,,,,,,,TOTAL,All Commodities,1,No Quantity,,,,,,,128426,,,0
H3,2016,2016,2016,0,0,1,Import,328,Guyana,GUY,360,Indonesia,IDN,,,,,,,,TOTAL,All Commodities,1,No Quantity,,,,,,,1714315,,,0
H3,2016,2016,2016,0,0,2,Export,328,Guyana,GUY,360,Indonesia,IDN,,,,,,,,TOTAL,All Commodities,1,No Quantity,,,,,,,694,,,0
H3,2016,2016,2016,0,0,1,Import,328,Guyana,GUY,364,Iran,IRN,,,,,,,,TOTAL,All Commodities,1,No Quantity,,,,,,,4415,,,0
H3,2016,2016,2016,0,0,1,Import,328,Guyana,GUY,368,Iraq,IRQ,,,,,,,,TOTAL,All Commodities,1,No Quantity,,,,,,,7656,,,0
H3,2016,2016,2016,0,0,1,Import,328,Guyana,GUY,372,Ireland,IRL,,,,,,,,TOTAL,All Commodities,1,No Quantity,,,,,,,1611840,,,0
H3,2016,2016,2016,0,0,2,Export,328,Guyana,GUY,372,Ireland,IRL,,,,,,,,TOTAL,All Commodities,1,No Quantity,,,,,,,8179507,,,0
H3,2016,2016,2016,0,0,1,Import,328,Guyana,GUY,376,Israel,ISR,,,,,,,,TOTAL,All Commodities,1,No Quantity,,,,,,,315101,,,0
H3,2016,2016,2016,0,0,2,Export,328,Guyana,GUY,376,Israel,ISR,,,,,,,,TOTAL,All Commodities,1,No Quantity,,,,,,,5845676,,,0
H3,2016,2016,2016,0,0,1,Import,328,Guyana,GUY,381,Italy,ITA,,,,,,,,TOTAL,All Commodities,1,No Quantity,,,,,,,3791172,,,0
H3,2016,2016,2016,0,0,2,Export,328,Guyana,GUY,381,Italy,ITA,,,,,,,,TOTAL,All Commodities,1,No Quantity,,,,,,,23194217,,,0
H3,2016,2016,2016,0,0,3,Re-Export,328,Guyana,GUY,381,Italy,ITA,,,,,,,,TOTAL,All Commodities,1,No Quantity,,,,,,,2599,,,0
H3,2016,2016,2016,0,0,1,Import,328,Guyana,GUY,388,Jamaica,JAM,,,,,,,,TOTAL,All Commodities,1,No Quantity,,,,,,,13981296,,,0
H3,2016,2016,2016,0,0,2,Export,328,Guyana,GUY,388,Jamaica,JAM,,,,,,,,TOTAL,All Commodities,1,No Quantity,,,,,,,43641182,,,0
H3,2016,2016,2016,0,0,3,Re-Export,328,Guyana,GUY,388,Jamaica,JAM,,,,,,,,TOTAL,All Commodities,1,No Quantity,,,,,,,3698752,,,0
H3,2016,2016,2016,0,0,1,Import,328,Guyana,GUY,392,Japan,JPN,,,,,,,,TOTAL,All Commodities,1,No Quantity,,,,,,,50656948,,,0
H3,2016,2016,2016,0,0,2,Export,328,Guyana,GUY,392,Japan,JPN,,,,,,,,TOTAL,All Commodities,1,No Quantity,,,,,,,1961234,,,0
H3,2016,2016,2016,0,0,3,Re-Export,328,Guyana,GUY,392,Japan,JPN,,,,,,,,TOTAL,All Commodities,1,No Quantity,,,,,,,45000,,,0
H3,2016,2016,2016,0,0,1,Import,328,Guyana,GUY,400,Jordan,JOR,,,,,,,,TOTAL,All Commodities,1,No Quantity,,,,,,,38721,,,0
H3,2016,2016,2016,0,0,2,Export,328,Guyana,GUY,400,Jordan,JOR,,,,,,,,TOTAL,All Commodities,1,No Quantity,,,,,,,53262,,,0
H3,2016,2016,2016,0,0,1,Import,328,Guyana,GUY,404,Kenya,KEN,,,,,,,,TOTAL,All Commodities,1,No Quantity,,,,,,,45577,,,0
H3,2016,2016,2016,0,0,1,Import,328,Guyana,GUY,408,Dem. People's Rep. of Korea,PRK,,,,,,,,TOTAL,All Commodities,1,No Quantity,,,,,,,5573284,,,0
H3,2016,2016,2016,0,0,2,Export,328,Guyana,GUY,408,Dem. People's Rep. of Korea,PRK,,,,,,,,TOTAL,All Commodities,1,No Quantity,,,,,,,65700,,,0
H3,2016,2016,2016,0,0,1,Import,328,Guyana,GUY,410,Rep. of Korea,KOR,,,,,,,,TOTAL,All Commodities,1,No Quantity,,,,,,,15220815,,,0
H3,2016,2016,2016,0,0,2,Export,328,Guyana,GUY,410,Rep. of Korea,KOR,,,,,,,,TOTAL,All Commodities,1,No Quantity,,,,,,,13039448,,,0
H3,2016,2016,2016,0,0,3,Re-Export,328,Guyana,GUY,410,Rep. of Korea,KOR,,,,,,,,TOTAL,All Commodities,1,No Quantity,,,,,,,234600,,,0
H3,2016,2016,2016,0,0,2,Export,328,Guyana,GUY,414,Kuwait,KWT,,,,,,,,TOTAL,All Commodities,1,No Quantity,,,,,,,7450,,,0
H3,2016,2016,2016,0,0,1,Import,328,Guyana,GUY,418,Lao People's Dem. Rep.,LAO,,,,,,,,TOTAL,All Commodities,1,No Quantity,,,,,,,784,,,0
H3,2016,2016,2016,0,0,2,Export,328,Guyana,GUY,422,Lebanon,LBN,,,,,,,,TOTAL,All Commodities,1,No Quantity,,,,,,,88420,,,0
H3,2016,2016,2016,0,0,1,Import,328,Guyana,GUY,428,Latvia,LVA,,,,,,,,TOTAL,All Commodities,1,No Quantity,,,,,,,263,,,0
H3,2016,2016,2016,0,0,1,Import,328,Guyana,GUY,440,Lithuania,LTU,,,,,,,,TOTAL,All Commodities,1,No Quantity,,,,,,,47058,,,0
H3,2016,2016,2016,0,0,1,Import,328,Guyana,GUY,442,Luxembourg,LUX,,,,,,,,TOTAL,All Commodities,1,No Quantity,,,,,,,10183,,,0
H3,2016,2016,2016,0,0,2,Export,328,Guyana,GUY,442,Luxembourg,LUX,,,,,,,,TOTAL,All Commodities,1,No Quantity,,,,,,,626,,,0
H3,2016,2016,2016,0,0,1,Import,328,Guyana,GUY,450,Madagascar,MDG,,,,,,,,TOTAL,All Commodities,1,No Quantity,,,,,,,105667,,,0
H3,2016,2016,2016,0,0,1,Import,328,Guyana,GUY,458,Malaysia,MYS,,,,,,,,TOTAL,All Commodities,1,No Quantity,,,,,,,5220741,,,0
H3,2016,2016,2016,0,0,2,Export,328,Guyana,GUY,458,Malaysia,MYS,,,,,,,,TOTAL,All Commodities,1,No Quantity,,,,,,,78265,,,0
H3,2016,2016,2016,0,0,3,Re-Export,328,Guyana,GUY,458,Malaysia,MYS,,,,,,,,TOTAL,All Commodities,1,No Quantity,,,,,,,19500,,,0
H3,2016,2016,2016,0,0,2,Export,328,Guyana,GUY,462,Maldives,MDV,,,,,,,,TOTAL,All Commodities,1,No Quantity,,,,,,,114300,,,0
H3,2016,2016,2016,0,0,1,Import,328,Guyana,GUY,470,Malta,MLT,,,,,,,,TOTAL,All Commodities,1,No Quantity,,,,,,,38113,,,0
H3,2016,2016,2016,0,0,1,Import,328,Guyana,GUY,480,Mauritius,MUS,,,,,,,,TOTAL,All Commodities,1,No Quantity,,,,,,,16929,,,0
H3,2016,2016,2016,0,0,2,Export,328,Guyana,GUY,480,Mauritius,MUS,,,,,,,,TOTAL,All Commodities,1,No Quantity,,,,,,,48260,,,0
H3,2016,2016,2016,0,0,1,Import,328,Guyana,GUY,484,Mexico,MEX,,,,,,,,TOTAL,All Commodities,1,No Quantity,,,,,,,21385669,,,0
H3,2016,2016,2016,0,0,2,Export,328,Guyana,GUY,484,Mexico,MEX,,,,,,,,TOTAL,All Commodities,1,No Quantity,,,,,,,8010777,,,0
H3,2016,2016,2016,0,0,3,Re-Export,328,Guyana,GUY,484,Mexico,MEX,,,,,,,,TOTAL,All Commodities,1,No Quantity,,,,,,,1487,,,0
H3,2016,2016,2016,0,0,1,Import,328,Guyana,GUY,490,"Other Asia, nes",,,,,,,,,TOTAL,All Commodities,1,No Quantity,,,,,,,2010789,,,0
H3,2016,2016,2016,0,0,2,Export,328,Guyana,GUY,490,"Other Asia, nes",,,,,,,,,TOTAL,All Commodities,1,No Quantity,,,,,,,296555,,,0
H3,2016,2016,2016,0,0,1,Import,328,Guyana,GUY,496,Mongolia,MNG,,,,,,,,TOTAL,All Commodities,1,No Quantity,,,,,,,15477,,,0
H3,2016,2016,2016,0,0,2,Export,328,Guyana,GUY,500,Montserrat,MSR,,,,,,,,TOTAL,All Commodities,1,No Quantity,,,,,,,62391,,,0
H3,2016,2016,2016,0,0,1,Import,328,Guyana,GUY,504,Morocco,MAR,,,,,,,,TOTAL,All Commodities,1,No Quantity,,,,,,,173103,,,0
H3,2016,2016,2016,0,0,1,Import,328,Guyana,GUY,512,Oman,OMN,,,,,,,,TOTAL,All Commodities,1,No Quantity,,,,,,,32709,,,0
H3,2016,2016,2016,0,0,1,Import,328,Guyana,GUY,516,Namibia,NAM,,,,,,,,TOTAL,All Commodities,1,No Quantity,,,,,,,37014,,,0
H3,2016,2016,2016,0,0,2,Export,328,Guyana,GUY,524,Nepal,NPL,,,,,,,,TOTAL,All Commodities,1,No Quantity,,,,,,,3974,,,0
H3,2016,2016,2016,0,0,1,Import,328,Guyana,GUY,528,Netherlands,NLD,,,,,,,,TOTAL,All Commodities,1,No Quantity,,,,,,,25600911,,,0
H3,2016,2016,2016,0,0,2,Export,328,Guyana,GUY,528,Netherlands,NLD,,,,,,,,TOTAL,All Commodities,1,No Quantity,,,,,,,11566335,,,0
H3,2016,2016,2016,0,0,3,Re-Export,328,Guyana,GUY,528,Netherlands,NLD,,,,,,,,TOTAL,All Commodities,1,No Quantity,,,,,,,538890,,,0
H3,2016,2016,2016,0,0,1,Import,328,Guyana,GUY,531,Curaçao,CUW,,,,,,,,TOTAL,All Commodities,1,No Quantity,,,,,,,2784778,,,0
H3,2016,2016,2016,0,0,2,Export,328,Guyana,GUY,531,Curaçao,CUW,,,,,,,,TOTAL,All Commodities,1,No Quantity,,,,,,,1328150,,,0
H3,2016,2016,2016,0,0,3,Re-Export,328,Guyana,GUY,531,Curaçao,CUW,,,,,,,,TOTAL,All Commodities,1,No Quantity,,,,,,,6337,,,0
H3,2016,2016,2016,0,0,1,Import,328,Guyana,GUY,533,Aruba,ABW,,,,,,,,TOTAL,All Commodities,1,No Quantity,,,,,,,99924,,,0
H3,2016,2016,2016,0,0,2,Export,328,Guyana,GUY,533,Aruba,ABW,,,,,,,,TOTAL,All Commodities,1,No Quantity,,,,,,,41162,,,0
H3,2016,2016,2016,0,0,1,Import,328,Guyana,GUY,540,New Caledonia,NCL,,,,,,,,TOTAL,All Commodities,1,No Quantity,,,,,,,68259,,,0
H3,2016,2016,2016,0,0,1,Import,328,Guyana,GUY,554,New Zealand,NZL,,,,,,,,TOTAL,All Commodities,1,No Quantity,,,,,,,15503851,,,0
H3,2016,2016,2016,0,0,2,Export,328,Guyana,GUY,554,New Zealand,NZL,,,,,,,,TOTAL,All Commodities,1,No Quantity,,,,,,,1736742,,,0
H3,2016,2016,2016,0,0,1,Import,328,Guyana,GUY,558,Nicaragua,NIC,,,,,,,,TOTAL,All Commodities,1,No Quantity,,,,,,,366569,,,0
H3,2016,2016,2016,0,0,2,Export,328,Guyana,GUY,558,Nicaragua,NIC,,,,,,,,TOTAL,All Commodities,1,No Quantity,,,,,,,6877812,,,0
H3,2016,2016,2016,0,0,2,Export,328,Guyana,GUY,562,Niger,NER,,,,,,,,TOTAL,All Commodities,1,No Quantity,,,,,,,28492,,,0
H3,2016,2016,2016,0,0,2,Export,328,Guyana,GUY,566,Nigeria,NGA,,,,,,,,TOTAL,All Commodities,1,No Quantity,,,,,,,261807,,,0
H3,2016,2016,2016,0,0,3,Re-Export,328,Guyana,GUY,566,Nigeria,NGA,,,,,,,,TOTAL,All Commodities,1,No Quantity,,,,,,,12624,,,0
H3,2016,2016,2016,0,0,1,Import,328,Guyana,GUY,579,Norway,NOR,,,,,,,,TOTAL,All Commodities,1,No Quantity,,,,,,,450909,,,0
H3,2016,2016,2016,0,0,1,Import,328,Guyana,GUY,581,United States Minor Outlying Islands,UMI,,,,,,,,TOTAL,All Commodities,1,No Quantity,,,,,,,106,,,0
H3,2016,2016,2016,0,0,2,Export,328,Guyana,GUY,581,United States Minor Outlying Islands,UMI,,,,,,,,TOTAL,All Commodities,1,No Quantity,,,,,,,108706,,,0
H3,2016,2016,2016,0,0,1,Import,328,Guyana,GUY,586,Pakistan,PAK,,,,,,,,TOTAL,All Commodities,1,No Quantity,,,,,,,308520,,,0
H3,2016,2016,2016,0,0,2,Export,328,Guyana,GUY,586,Pakistan,PAK,,,,,,,,TOTAL,All Commodities,1,No Quantity,,,,,,,62210,,,0
H3,2016,2016,2016,0,0,1,Import,328,Guyana,GUY,591,Panama,PAN,,,,,,,,TOTAL,All Commodities,1,No Quantity,,,,,,,13394910,,,0
H3,2016,2016,2016,0,0,2,Export,328,Guyana,GUY,591,Panama,PAN,,,,,,,,TOTAL,All Commodities,1,No Quantity,,,,,,,49409080,,,0
H3,2016,2016,2016,0,0,3,Re-Export,328,Guyana,GUY,591,Panama,PAN,,,,,,,,TOTAL,All Commodities,1,No Quantity,,,,,,,48459,,,0
H3,2016,2016,2016,0,0,2,Export,328,Guyana,GUY,598,Papua New Guinea,PNG,,,,,,,,TOTAL,All Commodities,1,No Quantity,,,,,,,3200,,,0
H3,2016,2016,2016,0,0,1,Import,328,Guyana,GUY,600,Paraguay,PRY,,,,,,,,TOTAL,All Commodities,1,No Quantity,,,,,,,10415,,,0
H3,2016,2016,2016,0,0,1,Import,328,Guyana,GUY,604,Peru,PER,,,,,,,,TOTAL,All Commodities,1,No Quantity,,,,,,,1838608,,,0
H3,2016,2016,2016,0,0,1,Import,328,Guyana,GUY,608,Philippines,PHL,,,,,,,,TOTAL,All Commodities,1,No Quantity,,,,,,,23978,,,0
H3,2016,2016,2016,0,0,2,Export,328,Guyana,GUY,608,Philippines,PHL,,,,,,,,TOTAL,All Commodities,1,No Quantity,,,,,,,901683,,,0
H3,2016,2016,2016,0,0,3,Re-Export,328,Guyana,GUY,608,Philippines,PHL,,,,,,,,TOTAL,All Commodities,1,No Quantity,,,,,,,225000,,,0
H3,2016,2016,2016,0,0,1,Import,328,Guyana,GUY,616,Poland,POL,,,,,,,,TOTAL,All Commodities,1,No Quantity,,,,,,,4322538,,,0
H3,2016,2016,2016,0,0,2,Export,328,Guyana,GUY,616,Poland,POL,,,,,,,,TOTAL,All Commodities,1,No Quantity,,,,,,,264928,,,0
H3,2016,2016,2016,0,0,1,Import,328,Guyana,GUY,620,Portugal,PRT,,,,,,,,TOTAL,All Commodities,1,No Quantity,,,,,,,380817,,,0
H3,2016,2016,2016,0,0,2,Export,328,Guyana,GUY,620,Portugal,PRT,,,,,,,,TOTAL,All Commodities,1,No Quantity,,,,,,,21714048,,,0
H3,2016,2016,2016,0,0,1,Import,328,Guyana,GUY,642,Romania,ROU,,,,,,,,TOTAL,All Commodities,1,No Quantity,,,,,,,240199,,,0
H3,2016,2016,2016,0,0,1,Import,328,Guyana,GUY,643,Russian Federation,RUS,,,,,,,,TOTAL,All Commodities,1,No Quantity,,,,,,,2582440,,,0
H3,2016,2016,2016,0,0,2,Export,328,Guyana,GUY,643,Russian Federation,RUS,,,,,,,,TOTAL,All Commodities,1,No Quantity,,,,,,,54674,,,0
H3,2016,2016,2016,0,0,3,Re-Export,328,Guyana,GUY,643,Russian Federation,RUS,,,,,,,,TOTAL,All Commodities,1,No Quantity,,,,,,,53153,,,0
H3,2016,2016,2016,0,0,2,Export,328,Guyana,GUY,646,Rwanda,RWA,,,,,,,,TOTAL,All Commodities,1,No Quantity,,,,,,,7000,,,0
H3,2016,2016,2016,0,0,3,Re-Export,328,Guyana,GUY,646,Rwanda,RWA,,,,,,,,TOTAL,All Commodities,1,No Quantity,,,,,,,7000,,,0
H3,2016,2016,2016,0,0,1,Import,328,Guyana,GUY,659,Saint Kitts and Nevis,KNA,,,,,,,,TOTAL,All Commodities,1,No Quantity,,,,,,,431076,,,0
H3,2016,2016,2016,0,0,2,Export,328,Guyana,GUY,659,Saint Kitts and Nevis,KNA,,,,,,,,TOTAL,All Commodities,1,No Quantity,,,,,,,1402529,,,0
H3,2016,2016,2016,0,0,3,Re-Export,328,Guyana,GUY,659,Saint Kitts and Nevis,KNA,,,,,,,,TOTAL,All Commodities,1,No Quantity,,,,,,,3175,,,0
H3,2016,2016,2016,0,0,1,Import,328,Guyana,GUY,660,Anguilla,AIA,,,,,,,,TOTAL,All Commodities,1,No Quantity,,,,,,,389,,,0
H3,2016,2016,2016,0,0,2,Export,328,Guyana,GUY,660,Anguilla,AIA,,,,,,,,TOTAL,All Commodities,1,No Quantity,,,,,,,175827,,,0
H3,2016,2016,2016,0,0,1,Import,328,Guyana,GUY,662,Saint Lucia,LCA,,,,,,,,TOTAL,All Commodities,1,No Quantity,,,,,,,4155355,,,0
H3,2016,2016,2016,0,0,2,Export,328,Guyana,GUY,662,Saint Lucia,LCA,,,,,,,,TOTAL,All Commodities,1,No Quantity,,,,,,,7949007,,,0
H3,2016,2016,2016,0,0,3,Re-Export,328,Guyana,GUY,662,Saint Lucia,LCA,,,,,,,,TOTAL,All Commodities,1,No Quantity,,,,,,,306986,,,0
H3,2016,2016,2016,0,0,1,Import,328,Guyana,GUY,670,Saint Vincent and the Grenadines,VCT,,,,,,,,TOTAL,All Commodities,1,No Quantity,,,,,,,110928,,,0
H3,2016,2016,2016,0,0,2,Export,328,Guyana,GUY,670,Saint Vincent and the Grenadines,VCT,,,,,,,,TOTAL,All Commodities,1,No Quantity,,,,,,,5107092,,,0
H3,2016,2016,2016,0,0,3,Re-Export,328,Guyana,GUY,670,Saint Vincent and the Grenadines,VCT,,,,,,,,TOTAL,All Commodities,1,No Quantity,,,,,,,70809,,,0
H3,2016,2016,2016,0,0,1,Import,328,Guyana,GUY,682,Saudi Arabia,SAU,,,,,,,,TOTAL,All Commodities,1,No Quantity,,,,,,,165022,,,0
H3,2016,2016,2016,0,0,2,Export,328,Guyana,GUY,682,Saudi Arabia,SAU,,,,,,,,TOTAL,All Commodities,1,No Quantity,,,,,,,29041,,,0
H3,2016,2016,2016,0,0,1,Import,328,Guyana,GUY,688,Serbia,SRB,,,,,,,,TOTAL,All Commodities,1,No Quantity,,,,,,,8760,,,0
H3,2016,2016,2016,0,0,1,Import,328,Guyana,GUY,694,Sierra Leone,SLE,,,,,,,,TOTAL,All Commodities,1,No Quantity,,,,,,,504,,,0
H3,2016,2016,2016,0,0,1,Import,328,Guyana,GUY,699,India,IND,,,,,,,,TOTAL,All Commodities,1,No Quantity,,,,,,,15483049,,,0
H3,2016,2016,2016,0,0,2,Export,328,Guyana,GUY,699,India,IND,,,,,,,,TOTAL,All Commodities,1,No Quantity,,,,,,,5711247,,,0
H3,2016,2016,2016,0,0,3,Re-Export,328,Guyana,GUY,699,India,IND,,,,,,,,TOTAL,All Commodities,1,No Quantity,,,,,,,3010,,,0
H3,2016,2016,2016,0,0,1,Import,328,Guyana,GUY,702,Singapore,SGP,,,,,,,,TOTAL,All Commodities,1,No Quantity,,,,,,,4868744,,,0
H3,2016,2016,2016,0,0,2,Export,328,Guyana,GUY,702,Singapore,SGP,,,,,,,,TOTAL,All Commodities,1,No Quantity,,,,,,,4415796,,,0
H3,2016,2016,2016,0,0,1,Import,328,Guyana,GUY,703,Slovakia,SVK,,,,,,,,TOTAL,All Commodities,1,No Quantity,,,,,,,112680,,,0
H3,2016,2016,2016,0,0,2,Export,328,Guyana,GUY,703,Slovakia,SVK,,,,,,,,TOTAL,All Commodities,1,No Quantity,,,,,,,23273,,,0
H3,2016,2016,2016,0,0,1,Import,328,Guyana,GUY,704,Viet Nam,VNM,,,,,,,,TOTAL,All Commodities,1,No Quantity,,,,,,,789502,,,0
H3,2016,2016,2016,0,0,2,Export,328,Guyana,GUY,704,Viet Nam,VNM,,,,,,,,TOTAL,All Commodities,1,No Quantity,,,,,,,614974,,,0
H3,2016,2016,2016,0,0,1,Import,328,Guyana,GUY,705,Slovenia,SVN,,,,,,,,TOTAL,All Commodities,1,No Quantity,,,,,,,2211,,,0
H3,2016,2016,2016,0,0,1,Import,328,Guyana,GUY,710,South Africa,ZAF,,,,,,,,TOTAL,All Commodities,1,No Quantity,,,,,,,526111,,,0
H3,2016,2016,2016,0,0,2,Export,328,Guyana,GUY,710,South Africa,ZAF,,,,,,,,TOTAL,All Commodities,1,No Quantity,,,,,,,240,,,0
H3,2016,2016,2016,0,0,1,Import,328,Guyana,GUY,724,Spain,ESP,,,,,,,,TOTAL,All Commodities,1,No Quantity,,,,,,,2063585,,,0
H3,2016,2016,2016,0,0,2,Export,328,Guyana,GUY,724,Spain,ESP,,,,,,,,TOTAL,All Commodities,1,No Quantity,,,,,,,22560067,,,0
H3,2016,2016,2016,0,0,1,Import,328,Guyana,GUY,740,Suriname,SUR,,,,,,,,TOTAL,All Commodities,1,No Quantity,,,,,,,89155063,,,0
H3,2016,2016,2016,0,0,2,Export,328,Guyana,GUY,740,Suriname,SUR,,,,,,,,TOTAL,All Commodities,1,No Quantity,,,,,,,11603418,,,0
H3,2016,2016,2016,0,0,3,Re-Export,328,Guyana,GUY,740,Suriname,SUR,,,,,,,,TOTAL,All Commodities,1,No Quantity,,,,,,,2651567,,,0
H3,2016,2016,2016,0,0,1,Import,328,Guyana,GUY,748,Swaziland,SWZ,,,,,,,,TOTAL,All Commodities,1,No Quantity,,,,,,,1440711,,,0
H3,2016,2016,2016,0,0,2,Export,328,Guyana,GUY,748,Swaziland,SWZ,,,,,,,,TOTAL,All Commodities,1,No Quantity,,,,,,,11603698,,,0
H3,2016,2016,2016,0,0,3,Re-Export,328,Guyana,GUY,748,Swaziland,SWZ,,,,,,,,TOTAL,All Commodities,1,No Quantity,,,,,,,10000,,,0
H3,2016,2016,2016,0,0,1,Import,328,Guyana,GUY,752,Sweden,SWE,,,,,,,,TOTAL,All Commodities,1,No Quantity,,,,,,,1948369,,,0
H3,2016,2016,2016,0,0,1,Import,328,Guyana,GUY,757,Switzerland,CHE,,,,,,,,TOTAL,All Commodities,1,No Quantity,,,,,,,14959180,,,0
H3,2016,2016,2016,0,0,2,Export,328,Guyana,GUY,757,Switzerland,CHE,,,,,,,,TOTAL,All Commodities,1,No Quantity,,,,,,,18966872,,,0
H3,2016,2016,2016,0,0,3,Re-Export,328,Guyana,GUY,757,Switzerland,CHE,,,,,,,,TOTAL,All Commodities,1,No Quantity,,,,,,,24000,,,0
H3,2016,2016,2016,0,0,1,Import,328,Guyana,GUY,760,Syria,SYR,,,,,,,,TOTAL,All Commodities,1,No Quantity,,,,,,,19929,,,0
H3,2016,2016,2016,0,0,1,Import,328,Guyana,GUY,764,Thailand,THA,,,,,,,,TOTAL,All Commodities,1,No Quantity,,,,,,,6197059,,,0
H3,2016,2016,2016,0,0,2,Export,328,Guyana,GUY,764,Thailand,THA,,,,,,,,TOTAL,All Commodities,1,No Quantity,,,,,,,579051,,,0
H3,2016,2016,2016,0,0,1,Import,328,Guyana,GUY,780,Trinidad and Tobago,TTO,,,,,,,,TOTAL,All Commodities,1,No Quantity,,,,,,,472679763,,,0
H3,2016,2016,2016,0,0,2,Export,328,Guyana,GUY,780,Trinidad and Tobago,TTO,,,,,,,,TOTAL,All Commodities,1,No Quantity,,,,,,,164888298,,,0
H3,2016,2016,2016,0,0,3,Re-Export,328,Guyana,GUY,780,Trinidad and Tobago,TTO,,,,,,,,TOTAL,All Commodities,1,No Quantity,,,,,,,119095302,,,0
H3,2016,2016,2016,0,0,1,Import,328,Guyana,GUY,784,United Arab Emirates,ARE,,,,,,,,TOTAL,All Commodities,1,No Quantity,,,,,,,3802207,,,0
H3,2016,2016,2016,0,0,2,Export,328,Guyana,GUY,784,United Arab Emirates,ARE,,,,,,,,TOTAL,All Commodities,1,No Quantity,,,,,,,9282526,,,0
H3,2016,2016,2016,0,0,3,Re-Export,328,Guyana,GUY,784,United Arab Emirates,ARE,,,,,,,,TOTAL,All Commodities,1,No Quantity,,,,,,,170143,,,0
H3,2016,2016,2016,0,0,1,Import,328,Guyana,GUY,788,Tunisia,TUN,,,,,,,,TOTAL,All Commodities,1,No Quantity,,,,,,,12621,,,0
H3,2016,2016,2016,0,0,1,Import,328,Guyana,GUY,792,Turkey,TUR,,,,,,,,TOTAL,All Commodities,1,No Quantity,,,,,,,7403734,,,0
H3,2016,2016,2016,0,0,2,Export,328,Guyana,GUY,792,Turkey,TUR,,,,,,,,TOTAL,All Commodities,1,No Quantity,,,,,,,26013,,,0
H3,2016,2016,2016,0,0,1,Import,328,Guyana,GUY,796,Turks and Caicos Isds,TCA,,,,,,,,TOTAL,All Commodities,1,No Quantity,,,,,,,71021,,,0
H3,2016,2016,2016,0,0,2,Export,328,Guyana,GUY,796,Turks and Caicos Isds,TCA,,,,,,,,TOTAL,All Commodities,1,No Quantity,,,,,,,106050,,,0
H3,2016,2016,2016,0,0,3,Re-Export,328,Guyana,GUY,796,Turks and Caicos Isds,TCA,,,,,,,,TOTAL,All Commodities,1,No Quantity,,,,,,,110,,,0
H3,2016,2016,2016,0,0,1,Import,328,Guyana,GUY,804,Ukraine,UKR,,,,,,,,TOTAL,All Commodities,1,No Quantity,,,,,,,459672,,,0
H3,2016,2016,2016,0,0,2,Export,328,Guyana,GUY,804,Ukraine,UKR,,,,,,,,TOTAL,All Commodities,1,No Quantity,,,,,,,38285394,,,0
H3,2016,2016,2016,0,0,3,Re-Export,328,Guyana,GUY,804,Ukraine,UKR,,,,,,,,TOTAL,All Commodities,1,No Quantity,,,,,,,22032,,,0
H3,2016,2016,2016,0,0,1,Import,328,Guyana,GUY,818,Egypt,EGY,,,,,,,,TOTAL,All Commodities,1,No Quantity,,,,,,,276242,,,0
H3,2016,2016,2016,0,0,1,Import,328,Guyana,GUY,826,United Kingdom,GBR,,,,,,,,TOTAL,All Commodities,1,No Quantity,,,,,,,43937329,,,0
H3,2016,2016,2016,0,0,2,Export,328,Guyana,GUY,826,United Kingdom,GBR,,,,,,,,TOTAL,All Commodities,1,No Quantity,,,,,,,56037431,,,0
H3,2016,2016,2016,0,0,3,Re-Export,328,Guyana,GUY,826,United Kingdom,GBR,,,,,,,,TOTAL,All Commodities,1,No Quantity,,,,,,,846192,,,0
H3,2016,2016,2016,0,0,1,Import,328,Guyana,GUY,842,USA,USA,,,,,,,,TOTAL,All Commodities,1,No Quantity,,,,,,,448225539,,,0
H3,2016,2016,2016,0,0,2,Export,328,Guyana,GUY,842,USA,USA,,,,,,,,TOTAL,All Commodities,1,No Quantity,,,,,,,299679469,,,0
H3,2016,2016,2016,0,0,3,Re-Export,328,Guyana,GUY,842,USA,USA,,,,,,,,TOTAL,All Commodities,1,No Quantity,,,,,,,13421190,,,0
H3,2016,2016,2016,0,0,1,Import,328,Guyana,GUY,858,Uruguay,URY,,,,,,,,TOTAL,All Commodities,1,No Quantity,,,,,,,1999562,,,0
H3,2016,2016,2016,0,0,2,Export,328,Guyana,GUY,858,Uruguay,URY,,,,,,,,TOTAL,All Commodities,1,No Quantity,,,,,,,49191,,,0
H3,2016,2016,2016,0,0,1,Import,328,Guyana,GUY,862,Venezuela,VEN,,,,,,,,TOTAL,All Commodities,1,No Quantity,,,,,,,5503711,,,0
H3,2016,2016,2016,0,0,2,Export,328,Guyana,GUY,862,Venezuela,VEN,,,,,,,,TOTAL,All Commodities,1,No Quantity,,,,,,,2239772,,,0
H3,2016,2016,2016,0,0,1,Import,328,Guyana,GUY,882,Samoa,WSM,,,,,,,,TOTAL,All Commodities,1,No Quantity,,,,,,,34377,,,0
H3,2016,2016,2016,0,0,1,Import,328,Guyana,GUY,887,Yemen,YEM,,,,,,,,TOTAL,All Commodities,1,No Quantity,,,,,,,25532,,,0
H3,2016,2016,2016,0,0,2,Export,328,Guyana,GUY,899,"Areas, nes",,,,,,,,,TOTAL,All Commodities,1,No Quantity,,,,,,,1,,,0
H3,2016,2016,2016,0,0,3,Re-Export,328,Guyana,GUY,899,"Areas, nes",,,,,,,,,TOTAL,All Commodities,1,No Quantity,,,,,,,1,,,0
